{
    "pixelType":          "fl",
    "pixelNoDataVal":     -9999.000000,
    "spatialRef":         "EPSG:4326",
    "boundingBox":        {
            "minLatitude":    -26.036864,
            "maxLatitude":    -21.842560,
            "minLongitude":   25.520896,
            "maxLongitude":   32.860928
        },
    "pixelDimensions":    {
            "pixelSizeDegreeLongitude":   0.032768,
            "pixelSizeDegreeLatitude":    0.032768,
            "numberPixelsLatitude":       128,
            "numberPixelsLongitude":      224
        },
    "rasterStatistics":   {
            "pixelMin":               0.514647,
            "pixelMax":               10.732076,
            "pixelCount":             10751,
            "pixelMean":              2.943307,
            "pixelStandardDeviation": 1.124759
        }
}