{
    "pixelType":          "fl",
    "pixelNoDataVal":     -9999.000000,
    "spatialRef":         "EPSG:4326",
    "boundingBox":        {
            "minLatitude":    -26.036864,
            "maxLatitude":    -21.842560,
            "minLongitude":   25.520896,
            "maxLongitude":   32.860928
        },
    "pixelDimensions":    {
            "pixelSizeDegreeLongitude":   0.032768,
            "pixelSizeDegreeLatitude":    0.032768,
            "numberPixelsLatitude":       128,
            "numberPixelsLongitude":      224
        },
    "rasterStatistics":   {
            "pixelMin":               287.959320,
            "pixelMax":               297.028961,
            "pixelCount":             10751,
            "pixelMean":              293.693483,
            "pixelStandardDeviation": 1.683218
        }
}