{
    "pixelType":          "fl",
    "pixelNoDataVal":     -9999.000000,
    "spatialRef":         "EPSG:4326",
    "boundingBox":        {
            "minLatitude":    -26.036864,
            "maxLatitude":    -21.842560,
            "minLongitude":   25.520896,
            "maxLongitude":   32.860928
        },
    "pixelDimensions":    {
            "pixelSizeDegreeLongitude":   0.032768,
            "pixelSizeDegreeLatitude":    0.032768,
            "numberPixelsLatitude":       128,
            "numberPixelsLongitude":      224
        },
    "rasterStatistics":   {
            "pixelMin":               291.765533,
            "pixelMax":               300.416962,
            "pixelCount":             10751,
            "pixelMean":              297.711061,
            "pixelStandardDeviation": 1.613912
        }
}